Date,Open,High,Low,Close,Volume
8/1/2024,2772.24,2805.57,2742.53,2755.62,"21,713,431,007.74"
7/31/2024,2708.25,2791.02,2707.57,2760.9,"21,911,503,161.06"
7/30/2024,2669.41,2709.89,2609.02,2696.65,"17,266,391,542.97"
7/29/2024,2706.73,2737.68,2655.15,2661.09,"19,609,177,106.29"
7/28/2024,2606.42,2708.58,2606.4,2681.56,"15,810,596,235.45"
7/25/2024,2540.14,2572.88,2518.47,2568.11,"14,137,899,049.28"
7/24/2024,2573.23,2600.41,2513.43,2536.11,"16,208,577,314.53"
7/23/2024,2493.92,2563.45,2469.56,2563.43,"14,116,330,995.76"
7/22/2024,2491.17,2504.53,2441.56,2488.09,"13,915,535,440.98"
7/21/2024,2431.49,2494.71,2408.25,2485.94,"15,238,271,290.98"
7/18/2024,2373.53,2459.94,2355.59,2424.32,"15,548,800,738.21"
7/17/2024,2323.68,2364.76,2311.93,2364.63,"12,059,266,113.47"
7/16/2024,2243.07,2310.84,2231.83,2310.59,"9,114,401,552.61"
7/15/2024,2277.86,2288.16,2231.69,2240.41,"8,731,436,037.15"
7/14/2024,2239.41,2290.95,2230.5,2257.59,"7,620,498,520.87"
7/11/2024,2188.64,2205.15,2185.02,2204.61,"7,080,698,146.05"
7/10/2024,2162.87,2176.6,2160.63,2175.4,"5,744,083,391.51"
7/9/2024,2138.61,2152.24,2129.71,2152.14,"5,535,958,885.31"
7/8/2024,2143.95,2149.19,2128.72,2136.35,"4,569,836,106.00"
7/7/2024,2122,2147.12,2121.26,2140.97,"6,002,931,854.71"
7/4/2024,2107.78,2129.37,2105.83,2119.69,"6,482,546,980.64"
7/3/2024,2101.84,2104.38,2076.95,2104.22,"5,083,528,935.17"
7/2/2024,2085.83,2162.49,2085.82,2100.43,"4,576,831,720.09"
7/1/2024,2038.7,2053.38,2030.38,2053.38,"2,999,965,021.53"
6/30/2024,2051.73,2059.79,2034.5,2037.09,"3,607,198,407.66"
6/27/2024,2059.61,2059.97,2046.95,2051.92,"3,715,903,824.54"
6/26/2024,2075.75,2077.26,2055.2,2060.16,"4,058,047,734.22"
6/25/2024,2067.32,2077.63,2067.03,2071.77,"4,187,796,833.89"
6/24/2024,2063.09,2079.36,2058.81,2066.16,"5,077,255,116.15"
6/23/2024,2068.71,2079.76,2057.34,2062.94,"4,374,597,458.65"
6/20/2024,2095.13,2095.38,2063.9,2068.31,"3,870,744,903.34"
6/19/2024,2077.75,2086.85,2073.34,2078.76,"3,404,372,632.64"
6/18/2024,2098.6,2099.02,2073.91,2076.49,"4,055,737,884.32"
6/16/2024,2116.03,2117.15,2090.13,2095.25,"5,472,253,551.85"
6/13/2024,2125.31,2127.09,2106.25,2112.29,"6,443,029,208.11"
6/12/2024,2116.91,2134.12,2116.33,2121.62,"5,894,089,245.13"
6/11/2024,2099.77,2115.27,2086.81,2115.24,"5,555,361,739.06"
6/10/2024,2088.14,2089.15,2072.23,2082.09,"5,490,609,782.28"
6/9/2024,2093.71,2093.71,2068.84,2073.19,"5,189,079,522.44"
6/6/2024,2080.56,2089.1,2073.47,2077.78,"4,388,278,720.38"
6/5/2024,2087.74,2091.88,2072.31,2079.71,"3,992,976,492.79"
6/4/2024,2087.03,2092.71,2077.56,2085.3,"4,084,715,877.41"
6/3/2024,2087.8,2096.57,2073.02,2079.07,"4,004,070,243.60"
6/2/2024,2073.06,2086.44,2068.08,2083.04,"4,311,015,629.95"
5/30/2024,2091.03,2100.11,2065.59,2069.53,"4,217,494,195.65"
5/29/2024,2133.73,2153.39,2086.44,2089.42,"4,575,063,274.39"
5/27/2024,2111.67,2124.57,2096.83,2113.27,"3,893,764,143.93"
5/26/2024,2135.25,2142.58,2106.36,2109.34,"4,441,538,471.70"
5/22/2024,2116.74,2140.24,2108.37,2131.49,"5,687,680,912.80"
5/21/2024,2095.57,2118.34,2081.07,2115.94,"5,206,208,111.56"
5/20/2024,2069.88,2121.01,2069.52,2092,"5,854,354,212.19"
5/19/2024,2044.81,2068.91,2028.07,2064.45,"5,251,024,786.63"
5/16/2024,2029.1,2029.1,2009.35,2018.76,"4,233,816,403.71"
5/15/2024,2030.87,2048.29,2012.56,2017.97,"3,708,430,055.17"
5/14/2024,2000.7,2027.59,1999.14,2027.51,"4,088,853,664.80"
5/13/2024,1979.68,2000.55,1970.54,1998.89,"3,408,608,157.91"
5/12/2024,1973.79,1981.79,1961.89,1974.5,"3,155,142,168.43"
5/9/2024,1963.45,1970.55,1955.15,1966.23,"3,121,286,362.59"
5/8/2024,1961.28,1968.25,1954.22,1960.6,"2,547,030,825.50"
5/7/2024,1959.91,1970.71,1955.16,1960.81,"2,140,502,621.77"
5/6/2024,1980.23,1980.81,1952.63,1958.75,"2,891,319,979.88"
5/5/2024,1998.45,1999.17,1969.96,1974.37,"3,795,748,296.39"
5/2/2024,2025.79,2026.62,1995.49,1998.96,"4,133,362,726.23"
4/30/2024,1991.51,2016.61,1979.31,2006.28,"4,800,044,601.66"
4/29/2024,1990.32,1990.31,1974.52,1980.34,"2,959,458,501.43"
4/28/2024,1973.54,1981.55,1965.14,1980.27,"2,682,586,955.82"
4/25/2024,1971.36,1974.91,1960.92,1965.93,"2,366,975,594.12"
4/24/2024,1969.41,1979.57,1963.34,1969.17,"2,536,431,998.50"
4/22/2024,1984.08,1992.78,1964.42,1969.02,"2,058,305,185.19"
4/21/2024,1972.92,1984.46,1953.29,1984.43,"2,259,959,456.89"
4/18/2024,1992.37,1992.37,1967.39,1972.14,"2,093,612,792.78"
4/16/2024,2004.97,2004.96,1988.19,1991.71,"2,103,019,218.58"
4/15/2024,2022.32,2026.99,2002.21,2006.52,"2,797,577,432.68"
4/14/2024,2025.7,2031.9,2017.88,2023.35,"3,063,772,652.62"
4/10/2024,2038.11,2045.46,2016.34,2025.3,"3,485,660,640.32"
4/9/2024,2035.2,2046.61,2030.44,2036.01,"4,143,783,989.11"
4/7/2024,2009.05,2026.82,2000.36,2026.81,"4,256,676,333.56"
4/4/2024,2007.13,2011.37,2000.33,2004.05,"3,037,267,307.85"
4/3/2024,2011.66,2017.21,1999.85,2006.78,"2,536,233,986.67"
4/2/2024,2014.55,2018.07,2004.28,2010.21,"2,291,645,585.49"
4/1/2024,2017.18,2019.76,2006.96,2012.07,"2,874,754,305.75"
3/31/2024,2034.71,2040.48,2014.32,2018.33,"3,205,332,324.76"
3/28/2024,2033.42,2039.34,2023.13,2035.64,"2,653,349,468.51"
3/27/2024,2042.09,2053.71,2025.1,2030.86,"2,235,485,534.30"
3/26/2024,2033,2048.74,2032.13,2041.7,"2,354,348,503.01"
3/25/2024,2050.68,2051.67,2027.77,2031.55,"2,489,118,485.08"
3/21/2024,2065.52,2074.97,2045.11,2048.57,"4,313,017,713.50"
3/20/2024,2072.48,2084.59,2058.78,2063.95,"3,496,284,036.16"
3/19/2024,2074.54,2091.52,2064.44,2067.29,"3,633,936,554.87"
3/18/2024,2073.59,2075.62,2060.08,2073.53,"2,885,637,818.91"
3/17/2024,2082.41,2086.03,2064.32,2070.25,"3,387,980,384.33"
3/14/2024,2110.55,2110.55,2074.05,2080.87,"3,943,592,302.13"
3/13/2024,2123.91,2124.08,2093.89,2108.72,"4,248,523,332.22"
3/12/2024,2065.63,2111.24,2064.08,2111.24,"4,551,632,347.82"
3/10/2024,2032.58,2061.2,2032.58,2052.65,"2,922,771,558.91"
3/7/2024,2020.95,2040.9,2017,2030.55,"3,199,205,820.35"
3/6/2024,2008.93,2036.32,1992.34,2017.03,"3,450,838,357.20"
3/5/2024,2094.71,2095.19,2003.77,2007.69,"4,113,676,958.02"
3/4/2024,1976.14,2078.16,1976.14,2078,"375,209,978.32"
3/3/2024,1972.63,1975.39,1946.42,1960.3,"2,082,786,089.08"
2/29/2024,2001.02,2007.57,1970.04,1972.09,"2,598,737,228.86"
2/28/2024,2002.94,2009.5,1992.46,2000.77,"2,038,100,977.42"
2/27/2024,1992.7,2007.85,1980.43,2001.64,"1,869,813,526.21"
2/26/2024,1980.9,1997.52,1973.3,1992.3,"2,017,739,060.68"
2/25/2024,2006.89,2011.81,1976.68,1979.02,"3,086,951,070.51"
2/22/2024,2027.57,2030.4,2000.55,2005.83,"3,206,167,025.37"
2/21/2024,2034.39,2044.44,2020.88,2026.59,"2,241,961,799.37"
2/20/2024,2034.79,2043.5,2025.89,2033.06,"3,113,556,978.43"
2/18/2024,2060.68,2062.32,2030.29,2034.82,"3,775,422,196.17"
2/15/2024,2075.62,2077.1,2055.72,2062.03,"3,869,118,741.98"
2/14/2024,2071.71,2081.62,2064.34,2076.5,"4,252,722,895.26"
2/13/2024,2101.56,2101.55,2064.84,2070.59,"4,667,179,304.14"
2/12/2024,2085.81,2103.91,2081.81,2101.16,"3,586,984,128.48"
2/11/2024,2101.28,2109.32,2083.6,2085.82,"4,085,678,472.16"
2/8/2024,2094.18,2097.97,2082.72,2096.38,"3,212,283,453.63"
2/7/2024,2095.1,2107.57,2086.76,2090.64,"2,842,550,237.47"
2/6/2024,2073.83,2087.24,2067.59,2085.71,"2,591,534,907.76"
2/5/2024,2063.93,2084.8,2060.55,2076.27,"2,438,058,254.56"
2/4/2024,2067.47,2072.9,2053.46,2061.7,"3,216,727,221.79"
2/1/2024,2103.2,2103.22,2063.68,2067.01,"4,180,632,139.37"
1/31/2024,2119.17,2131.28,2088.48,2097.93,"5,295,605,057.48"
1/30/2024,2105.87,2128.11,2105.46,2119.61,"5,544,217,593.12"
1/29/2024,2097.48,2114.79,2097.23,2104.72,"4,566,522,230.82"
1/28/2024,2084.64,2098.14,2075.37,2094.46,"3,833,776,580.76"
1/25/2024,2088.49,2096.75,2072.78,2084.09,"3,764,505,450.98"
1/24/2024,2098.97,2120.46,2083.45,2088.04,"3,897,022,598.98"
1/23/2024,2096.99,2112.15,2087.22,2098.29,"4,294,566,751.66"
1/22/2024,2128.56,2134.81,2090.64,2098.69,"6,366,070,003.35"
1/21/2024,2156.52,2165.67,2123.86,2130.18,"7,677,740,058.04"
1/18/2024,2163.39,2167.43,2133.12,2155.82,"8,174,986,282.97"
1/17/2024,2181.8,2215.54,2154.02,2163.06,"9,768,969,868.61"
1/16/2024,2125.2,2178.37,2125.11,2175.17,"8,023,862,406.69"
1/14/2024,2093.48,2121.67,2093.44,2120.62,"5,450,421,806.40"
1/11/2024,2091.28,2106.43,2082.49,2088.99,"4,307,763,277.27"
1/10/2024,2084.59,2116.44,2084.44,2089.62,"5,134,848,789.38"
1/9/2024,2063.56,2098.04,2063.42,2080.12,"6,118,317,866.67"
1/8/2024,2025.89,2059.66,2025.62,2059.49,"4,675,224,906.28"
1/7/2024,2049.9,2056.49,2019.77,2022.92,"5,241,408,379.85"
1/4/2024,2058.57,2072.08,2046.05,2049.28,"5,581,107,804.70"
1/3/2024,2030.95,2058.31,2023.76,2058,"4,048,857,454.59"
1/2/2024,2060.47,2061.92,2024.14,2030.1,"4,044,659,922.73"
1/1/2024,2072.45,2096.44,2056.87,2060.15,"4,483,982,461.34"
12/28/2023,2072.09,2085.36,2059.49,2068.9,"4,290,932,297.60"
12/27/2023,2089.89,2109.35,2055.35,2070.84,"5,248,782,611.37"
12/24/2023,2113.69,2132.63,2082.93,2088.07,"7,111,733,829.80"
12/21/2023,2148.16,2154.51,2102.79,2109.1,"6,274,324,811.90"
12/20/2023,2113.94,2150.98,2110.76,2141.87,"7,009,575,176.13"
12/19/2023,2065.06,2107.32,2053.27,2106.48,"5,984,699,175.73"
12/18/2023,2025.73,2070.59,2025.68,2060.49,"6,868,177,565.83"
12/17/2023,1986.06,2022.82,1951.02,2022.35,"5,157,846,979.05"
12/14/2023,1989.53,1997.12,1973.42,1994.6,"3,151,635,750.12"
12/13/2023,1990.36,2017.22,1976.04,1988.04,"3,909,198,570.27"
12/12/2023,1952.19,1990.39,1940.15,1985.44,"4,309,019,196.26"
12/11/2023,1989.54,1989.71,1928.76,1948.57,"4,842,774,386.84"
12/10/2023,1866.12,1963.98,1866.12,1963.98,"482,482,239.14"
12/7/2023,1840.42,1861.22,1834.64,1852.77,"2,799,146,433.95"
12/6/2023,1837.24,1841.8,1830.31,1841.04,"1,141,812,382.78"
12/5/2023,1849.01,1857.35,1833.02,1837.71,"1,544,935,438.34"
12/4/2023,1848.71,1859.32,1843.37,1847.81,"1,197,257,894.69"
12/3/2023,1858.47,1861.67,1837.85,1851.23,"964,010,431.27"
11/30/2023,1874.24,1876.4,1851.32,1858.53,"1,323,519,357.21"
11/29/2023,1894.79,1907.07,1871.93,1876.6,"1,014,195,575.01"
11/29/2023,1901.75,1906.72,1872.05,1874.79,"3,312,197.00"
11/28/2023,1896.4,1902.63,1885.23,1894.53,"1,280,228,971.86"
11/27/2023,1909.97,1926.52,1889.71,1896.67,"1,754,750,755.82"
11/26/2023,1859.24,1908.19,1852.67,1907.95,"2,011,763,358.52"
11/23/2023,1847.69,1864.59,1826.49,1860.2,"1,348,347,430.30"
11/22/2023,1830.11,1850.54,1816.4,1850.33,"1,087,098,495.59"
11/21/2023,1853.17,1853.87,1821.38,1829.65,"950,479,583.91"
11/20/2023,1852.29,1873.34,1846.52,1853.48,"1,099,318,029.70"
11/9/2023,1864.4,1866.93,1847.85,1852.08,"836,005,656.08"
11/8/2023,1858.11,1869.01,1851.19,1863.94,"782,743,264.94"
11/7/2023,1848.06,1864.85,1847.1,1858.76,"996,586,291.90"
11/6/2023,1826.68,1850.58,1824.56,1847.54,"938,929,040.59"
11/5/2023,1846.75,1846.77,1817.76,1826.23,"972,367,278.92"
11/2/2023,1858.27,1859.48,1842.73,1847.7,"964,477,711.41"
11/1/2023,1864.19,1872.19,1853.49,1858.56,"812,089,291.31"
10/31/2023,1878.29,1878.98,1860.47,1864.4,"571,483,276.48"
10/30/2023,1876.47,1878.83,1856.9,1878.7,"694,222,217.37"
10/29/2023,1903.59,1903.91,1867.09,1875.65,"742,925,392.56"
10/19/2023,1908.66,1915.98,1893.94,1903.84,"970,612,892.03"
10/18/2023,1864.28,1908.4,1864.25,1907.89,"934,894,218.15"
10/17/2023,1851.18,1884.67,1851.03,1864.62,"1,008,437,860.61"
10/16/2023,1874.13,1876.62,1846.79,1851.43,"1,253,291,070.96"
10/12/2023,1896.18,1897.6,1870.19,1874.6,"1,700,129,815.00"
10/11/2023,1890.04,1905.05,1884.4,1894.76,"1,088,547,980.13"
10/10/2023,1908.29,1913.58,1885.37,1889.59,"1,283,182,145.32"
10/9/2023,1919.97,1926.72,1902.87,1908.66,"1,170,172,722.08"
10/8/2023,1963.8,1964.02,1917.69,1921.24,"1,801,766,294.08"
10/5/2023,1967.58,1970.15,1954.02,1956.92,"1,106,519,418.20"
10/4/2023,1958.87,1976.19,1957.23,1967.97,"1,189,931,385.37"
10/3/2023,1977.83,1978.27,1954.13,1958.72,"1,199,101,324.81"
10/2/2023,1970.28,1982.51,1954.35,1976.29,"1,737,314,092.32"
10/1/2023,2004.58,2005.32,1964.44,1971.1,"1,830,486,743.11"
9/27/2023,2023.52,2027.19,1993.46,2004.3,"1,814,359,022.20"
9/26/2023,2006.64,2030.51,2005.42,2022.91,"2,093,809,518.54"
9/25/2023,2012.21,2015.56,1999.62,2004.45,"1,565,573,471.78"
9/24/2023,2029.42,2037.02,2003.83,2010.35,"2,326,895,206.99"
9/21/2023,1988.71,2040.28,1988.67,2029.78,"3,293,921,368.32"
9/19/2023,1970.42,1986.72,1960.62,1985.43,"1,176,680,757.50"
9/18/2023,1965.45,1974.98,1952.88,1969.18,"870,444,156.82"
9/17/2023,2009.99,2010.86,1961.05,1964.91,"2,028,465,610.94"
9/13/2023,1967.26,2007.48,1967.25,2007.06,"1,495,521,905.77"
9/12/2023,1987.17,1998.54,1962.71,1967.57,"1,135,057,515.51"
9/11/2023,1942.98,1986.99,1941.86,1986.99,"1,518,343,397.24"
9/10/2023,1933.25,1946.75,1933.06,1942.68,"1,072,212,418.60"
9/7/2023,1960.72,1960.78,1929.66,1932.45,"1,150,920,607.60"
9/5/2023,1966.8,1974.11,1954.19,1961.37,"796,870,408.05"
9/4/2023,1960.79,1977.96,1946.62,1967.83,"1,099,139,697.16"
9/3/2023,1990.82,1991.11,1958.83,1960.78,"1,186,618,410.87"
8/30/2023,1994.63,2001.72,1985.1,1990.59,"1,130,008,041.15"
8/29/2023,1999.01,2002.81,1988.51,1993.42,"865,120,452.40"
8/28/2023,1994.03,2009.7,1989.37,1998.48,"988,628,562.24"
8/27/2023,2014.21,2016.11,1989.22,1993.38,"1,262,767,876.55"
8/24/2023,2045.86,2052.2,2009.09,2013.93,"1,550,582,685.37"
8/23/2023,2016.8,2048.26,2015.8,2045.45,"1,510,488,984.60"
8/22/2023,1998.14,2016.18,1990.29,2015.98,"1,332,564,769.51"
8/21/2023,2012.46,2019.51,1991.81,1998.28,"1,408,981,601.68"
8/20/2023,2033.2,2034.88,2008.03,2011.14,"1,447,408,942.67"
8/17/2023,2025.98,2043.01,2025.4,2033.13,"1,541,367,398.79"
8/16/2023,2044.05,2044.05,2014,2025.12,"1,679,980,623.09"
8/15/2023,2077.03,2078.76,2041.12,2045.44,"2,157,312,369.51"
8/14/2023,2079.25,2094.04,2073.49,2077.24,"2,091,390,638.30"
8/13/2023,2065.4,2087.93,2057.7,2080.86,"3,018,460,512.26"
8/10/2023,2058.96,2080.81,2045.98,2066.05,"2,156,583,945.68"
8/9/2023,2018.72,2061.08,2000.23,2060.91,"1,888,326,469.62"
8/8/2023,2047.72,2055.31,2013.37,2019.85,"1,737,014,499.56"
8/7/2023,2051.57,2069.73,2030.19,2048.26,"2,333,573,297.98"
8/6/2023,2095.43,2101.9,2041.69,2051.47,"2,687,148,234.55"
8/3/2023,2088.56,2109.29,2083.92,2089.84,"1,781,941,701.81"
8/2/2023,2078.6,2086.84,2062,2086.84,"1,812,473,856.13"
8/1/2023,2106.06,2124.32,2070.33,2077.58,"1,924,434,899.90"
7/31/2023,2097.85,2126.57,2094.06,2106.18,"1,858,002,175.73"
7/30/2023,2126.85,2138.67,2091.5,2100.34,"2,502,886,527.87"
7/27/2023,2155.49,2165.97,2124.32,2126.48,"2,425,780,564.10"
7/26/2023,2168.46,2186.49,2152.54,2156.2,"2,432,508,769.57"
7/25/2023,2202.99,2206.46,2162.55,2164.31,"2,910,732,418.71"
7/24/2023,2227.21,2244.13,2194.16,2200.5,"4,737,608,810.44"
7/23/2023,2166.47,2228.74,2166.44,2227.16,"4,375,196,232.80"
7/20/2023,2165.7,2179.72,2152.82,2163.92,"3,052,410,659.63"
7/19/2023,2154.02,2174.63,2141.82,2165.24,"3,348,679,900.45"
7/18/2023,2147.69,2171.13,2146.52,2154.07,"3,548,829,029.13"
7/17/2023,2097.99,2144.6,2089.16,2144.16,"2,560,191,288.71"
7/16/2023,2085.68,2105.67,2079.18,2097.09,"2,376,427,573.77"
7/13/2023,2095.72,2121.83,2080.42,2084.93,"3,390,660,605.31"
7/12/2023,2072.24,2099.71,2072.24,2097.55,"3,187,695,774.34"
7/11/2023,2078.25,2084.92,2064.52,2072.24,"2,859,490,490.47"
7/10/2023,2081.75,2102.09,2067.85,2076.96,"3,797,986,583.25"
7/9/2023,2050.36,2085.23,2049.69,2077.76,"3,042,543,961.01"
7/6/2023,2050.28,2064.57,2033.43,2049.38,"3,077,498,315.30"
7/5/2023,2090.38,2101.59,2046.55,2049.44,"3,073,992,136.78"
7/4/2023,2079.42,2104.38,2067.22,2088.7,"2,576,140,128.50"
7/3/2023,2096.72,2113.74,2069.6,2075.97,"4,051,078,375.44"
7/2/2023,2154.8,2160.24,2094.07,2097.29,"5,081,976,179.39"
6/28/2023,2193.51,2205.97,2146.06,2150.99,"5,972,286,481.45"
6/27/2023,2132.61,2186.68,2132.48,2186.36,"5,476,287,740.48"
6/26/2023,2124.01,2154.86,2120.42,2129.42,"5,312,422,087.27"
6/25/2023,2057.37,2119.8,2057.37,2117.73,"6,490,412,665.89"
6/22/2023,2054.62,2074.38,2042.28,2055.53,"3,444,862,501.60"
6/21/2023,2067.21,2082.97,2043.84,2050.78,"3,496,822,260.78"
6/20/2023,2093.56,2117.3,2057.03,2064.83,"4,110,606,953.97"
6/19/2023,2097.53,2107.6,2075.21,2091.39,"4,740,608,880.28"
6/18/2023,2045.06,2094.33,2037.9,2094.33,"4,869,184,016.02"
6/15/2023,2040.58,2050.03,2017.7,2042.07,"3,162,810,843.58"
6/14/2023,2020.15,2067.1,2015.19,2037.06,"5,017,807,682.80"
6/13/2023,1989.43,2034.8,1977.52,2020.64,"4,126,695,943.97"
6/12/2023,1984.3638,2003.25,1972,1987.87,"2,886,509,415.69"
6/11/2023,1941.52,1983.98,1941.24,1980.09,"3,454,344,563.91"
6/8/2023,1933.4,1947.45,1920.65,1939.61,"2,305,888,931.72"
6/7/2023,1929.16,1950.81,1928.13,1932.33,"2,368,815,635.92"
6/6/2023,1902.75,1927.66,1893.61,1927.65,"1,981,012,701.99"
6/5/2023,1922.13,1935.8,1899.54,1901.99,"1,973,491,107.31"
6/4/2023,1866.35,1925.11,1865.73,1919.37,"1,656,340,391.57"
6/1/2023,1850.79,1877,1837.24,1866.34,"1,654,648,922.34"
5/31/2023,1884.49,1893.84,1844.32,1849.79,"2,315,169,571.94"
5/30/2023,1944.03,1944.06,1884.91,1888.61,"2,341,777,844.61"
5/28/2023,1960.95,1977.57,1938.12,1941.74,"2,639,659,499.70"
5/24/2023,1943.81,1962.66,1928.16,1959.12,"1,873,018,024.09"
5/23/2023,1891.37,1942.64,1891.37,1942.63,"2,200,023,945.87"
5/22/2023,1883.45,1898.91,1866.08,1891.31,"1,278,704,726.38"
5/21/2023,1878.68,1903.06,1874.4,1883.2,"1,600,492,731.53"
5/18/2023,1846.69,1883.2,1844.5,1877.32,"1,474,765,388.21"
5/17/2023,1821.54,1846.72,1821.02,1845.01,"857,624,318.46"
5/16/2023,1817.87,1827.77,1810.1,1821.6,"640,117,260.52"
5/15/2023,1821.81,1826.65,1807.53,1818.31,"724,969,980.40"
5/14/2023,1840.82,1849.56,1818.08,1821.64,"900,563,856.25"
5/11/2023,1840.05,1843.44,1831.2,1838.59,"578,841,593.52"
5/10/2023,1845.64,1852.05,1835.61,1841.93,"589,100,077.12"
5/9/2023,1831.64,1856.07,1828.99,1844.36,"774,760,647.07"
5/8/2023,1850.73,1854.21,1825.61,1833.69,"824,217,001.85"
5/7/2023,1870.41,1872.22,1848.8,1850.61,"608,135,094.13"
5/4/2023,1856.97,1875.26,1846.67,1869.73,"732,689,811.89"
5/3/2023,1866.6846,1868.35,1852.35,1857.23,"620,266,016.88"
5/2/2023,1871.63,1878.96,1860.43,1866.4,"692,271,755.19"
4/30/2023,1889.41,1890.34,1867.73,1870.65,"954,322,377.94"
4/27/2023,1892.94,1895.17,1880.25,1889.73,"739,650,247.50"
4/26/2023,1907.54,1913.28,1888.89,1892,"847,028,219.41"
4/25/2023,1887.3,1905.73,1885.17,1905.68,"885,578,270.76"
4/24/2023,1885.77,1891.87,1875.14,1888.32,"751,330,393.70"
4/23/2023,1904.94,1906.66,1881.15,1885.6,"828,534,036.34"
4/20/2023,1918.49,1928.76,1902.15,1904.4,"983,367,311.00"
4/19/2023,1903.36,1924.4,1903.28,1920.12,"872,141,116.12"
4/18/2023,1905.96,1911.51,1892.82,1904.98,"870,448,151.88"
4/17/2023,1931.84,1937.65,1904.39,1908.04,"920,078,571.12"
4/16/2023,1934.51,1945.05,1918.52,1931.68,"974,599,061.51"
4/13/2023,1973.09,1981.87,1928.93,1934.47,"1,653,334,665.77"
4/12/2023,1871.46,1963.89,1871.46,1963.55,"1,976,076,732.34"
4/11/2023,1845.65,1872.11,1844.41,1871.33,"945,249,179.36"
4/10/2023,1837.65,1851.49,1833.08,1844.02,"911,976,049.12"
4/9/2023,1867.47,1869.43,1833.68,1838.48,"1,159,448,411.72"
4/6/2023,1875.88,1889.07,1863.66,1866.79,"920,686,094.33"
4/5/2023,1866.83,1878.77,1857.54,1875.07,"816,046,790.00"
4/4/2023,1872.65,1880.46,1856.35,1866.68,"917,610,296.04"
4/3/2023,1888.61,1892.03,1865.96,1871.88,"920,249,011.54"
4/2/2023,1910.49,1928.66,1883.2,1888.55,"1,207,122,600.13"
3/30/2023,1920.01,1932.68,1905.12,1908.55,"899,532,139.40"
3/29/2023,1920.09,1922.04,1901.62,1919.42,"816,219,129.76"
3/28/2023,1910.35,1936.48,1906.4,1918.1,"1,443,713,878.31"
3/27/2023,1885.65,1907.04,1864.91,1906,"1,382,767,991.84"
3/26/2023,1915.32,1915.41,1881.07,1888.27,"1,289,371,531.03"
3/23/2023,1933.11,1933.56,1905.96,1915.14,"1,413,172,802.50"
3/22/2023,1952.19,1962.94,1929.49,1933.29,"1,333,719,929.67"
3/20/2023,1926.28,1949.17,1925.41,1949.06,"1,298,583,988.29"
3/19/2023,1933.23,1939.43,1922.22,1926.4,"1,069,804,825.13"
3/16/2023,1938.62,1946.77,1919.93,1933.31,"1,141,455,062.50"
3/15/2023,1953.96,1956.37,1926.57,1938.62,"1,202,141,882.65"
3/14/2023,1950.41,1965.19,1939.32,1953.06,"1,135,925,357.91"
3/13/2023,1975.43,1977.52,1944.42,1951.21,"1,162,503,515.16"
3/12/2023,2008.26,2017.3,1970.67,1975.89,"1,666,931,510.75"
3/9/2023,1955.57,2002.99,1955.55,2002.7,"1,565,558,802.91"
3/7/2023,1937.43,1964.08,1937.43,1952.66,"1,204,409,411.62"
3/5/2023,1967.4925,1975.93,1935.21,1938.25,"1,392,354,893.48"
3/2/2023,1995.3373,1996.4712,1966.9105,1967.4503,"28,656,085.50"
3/1/2023,2020.72,2024.7,1994.46,1995.49,"1,288,363,424.63"
2/28/2023,2024.82,2033.7,2013.25,2019.93,"1,387,865,515.75"
2/27/2023,2029.23,2043.99,1990.27,2023.54,"1,893,736,365.84"
2/26/2023,2016.54,2029.66,1961.24,2027.19,"2,525,071,806.13"
2/23/2023,2078.48,2078.48,2014.6,2022.64,"2,522,713,153.88"
2/22/2023,2049.65,2084.04,2048.11,2080.38,"1,803,282,180.68"
2/20/2023,2069.67,2069.78,2040.18,2046.81,"1,947,623,993.42"
2/16/2023,2090.49,2099.43,2066.78,2070.41,"1,684,942,096.45"
2/15/2023,2105.03,2117.84,2086.78,2091.56,"1,732,575,202.79"
2/14/2023,2122.41,2122.56,2100.57,2105.46,"1,787,016,372.71"
2/12/2023,2181.2,2181.2,2117.67,2121.75,"3,047,739,812.93"
2/9/2023,2171.17,2183.75,2153.31,2182.61,"2,062,058,749.14"
2/8/2023,2181.62,2213.89,2161,2170.21,"3,691,972,817.15"
2/7/2023,2100.12,2177.75,2099.03,2177.34,"3,362,267,078.75"
2/6/2023,2096.32,2102.7,2087.2,2100.7,"1,474,161,645.60"
2/5/2023,2096.7,2118.27,2087.69,2096.08,"1,931,719,103.93"
2/2/2023,2118.56,2126.14,2090.14,2094.54,"2,096,419,161.88"
2/1/2023,2111.44,2124.3,2104.48,2116.65,"1,767,051,916.00"
1/31/2023,2130.29,2136.44,2107.77,2111.68,"2,824,540,406.61"
1/30/2023,2166.31,2174.66,2124.83,2127.52,"3,302,201,825.93"
1/29/2023,2185.46,2192.85,2163.89,2168.53,"3,017,063,956.47"
1/26/2023,2186.5,2201.64,2177.99,2183.21,"2,860,082,839.03"
1/25/2023,2175.67,2199.93,2175.13,2183.62,"3,466,508,338.64"
1/24/2023,2166.05,2173.24,2139.89,2173.25,"3,003,230,039.44"
1/23/2023,2184.77,2203.13,2162.83,2165.1,"3,864,008,973.69"
1/19/2023,2175.3,2192.71,2163.14,2178.81,"3,044,529,329.67"
1/18/2023,2185.73,2214.78,2166.35,2173.1,"4,928,714,602.65"
1/17/2023,2152.05,2187.79,2136.38,2182.11,"3,724,794,587.76"
1/12/2023,2203.84,2237.37,2143.97,2149.39,"5,477,624,724.37"
1/10/2023,2215.35,2277.61,2178.19,2190.42,"7,658,823,579.86"
1/9/2023,2171.46,2211.77,2161.03,2211.76,"5,314,307,853.43"
1/8/2023,2148.93,2191.69,2126.47,2164.61,"5,459,925,001.19"
1/5/2023,2134.88,2160.73,2113.32,2143.93,"5,040,740,937.09"
1/4/2023,2069.34,2126.04,2066.57,2125.84,"3,501,142,097.43"
1/3/2023,2066.02,2081.53,2050.57,2061.06,"3,458,089,787.92"
1/2/2023,2047.46,2070.58,2028.32,2064.09,"2,960,927,440.67"
1/1/2023,2037.21,2083.19,2030.25,2046.26,"4,048,879,510.19"
12/29/2022,1973.18,2029.11,1962.42,2029.03,"2,860,345,781.68"
12/28/2022,1991.81,1994.33,1961.57,1972.15,"2,153,547,207.91"
12/27/2022,1928.81,1999.01,1928.81,1983.95,"3,884,396,997.98"
12/26/2022,1868.18,1924.09,1866.37,1924.09,"2,097,049,941.35"
12/22/2022,1864.41,1867.21,1850.58,1867.21,"1,119,797,921.31"
12/21/2022,1874.85,1883.09,1864.7,1867.22,"863,816,561.06"
12/20/2022,1859.72,1881.21,1858.57,1873.11,"930,839,901.14"
12/19/2022,1855.19,1865.18,1849.19,1858.89,"886,098,568.38"
12/18/2022,1883.65,1883.82,1850.96,1855.06,"1,157,155,099.09"
12/15/2022,1897.34,1899,1880.16,1882.6,"1,192,616,187.82"
12/14/2022,1900.61,1906.04,1893.01,1897.08,"727,877,897.36"
12/13/2022,1900.23,1904.75,1888.82,1899.7,"777,089,165.15"
12/12/2022,1884.22,1902.42,1868.65,1902.27,"1,366,010,464.02"
12/11/2022,1916.04,1918.51,1883.09,1885.31,"1,103,404,045.08"
12/7/2022,1935.08,1936.39,1916.19,1917.28,"1,654,662,550.99"
12/6/2022,1941.08,1944.11,1922.13,1933.88,"965,210,899.14"
12/5/2022,1964.79,1965.77,1935.65,1938.76,"1,670,455,034.63"
12/4/2022,1961.07,1973.55,1957.18,1963.22,"1,561,702,992.01"
12/1/2022,1949.48,1969.02,1941.58,1961.06,"1,322,972,185.65"
12/29/2021,2520.55,2538.78,2512.41,2524.5,"3,623,480,291.76"
12/28/2021,2523.87,2533.63,2486.05,2518.99,"3,125,575,631.56"
12/27/2021,2600.21,2616.27,2518.16,2521.65,"5,607,439,670.68"
12/26/2021,2531.43,2596.43,2531.15,2591.42,"5,173,200,503.38"
12/23/2021,2522.51,2542.29,2485.38,2520.23,"4,490,266,410.23"
12/22/2021,2425.05,2509.27,2424.38,2507.7,"4,523,338,143.26"
12/21/2021,2360.33,2415.55,2360.32,2415.55,"2,383,259,846.99"
12/20/2021,2390.81,2390.81,2346.6,2358.81,"2,464,689,862.61"
12/16/2021,2415.77,2418.87,2371.73,2376.74,"2,301,751,967.91"
12/15/2021,2433.2,2493.07,2379.09,2414.62,"4,588,390,677.73"
12/14/2021,2283.67,2418.84,2283.67,2418.85,"1,842,647,144.18"
12/13/2021,2351.93,2351.93,2259.51,2282.01,"3,995,604,177.84"
12/12/2021,2448.66,2455.72,2359.95,2361.27,"3,382,509,520.17"
12/9/2021,2454.42,2465.08,2428.33,2449.97,"2,673,308,791.68"
12/8/2021,2508.29,2511.69,2448.78,2455.81,"2,663,909,619.74"
12/7/2021,2549.36,2590.76,2505.86,2508.91,"3,128,341,700.27"
12/6/2021,2508.96,2549.5,2438.86,2546.09,"4,542,345,271.36"
12/5/2021,2586.83,2587.57,2504.69,2513.89,"4,090,765,324.93"
12/2/2021,2633.64,2645.57,2580.6,2584.61,"3,413,589,126.02"
12/1/2021,2628.69,2649.99,2628.48,2633.66,"2,742,085,704.34"
11/30/2021,2630.32,2648.04,2603.9,2628.37,"3,089,041,990.69"
11/29/2021,2650.54,2677.87,2621.8,2629.98,"4,008,937,133.19"
11/28/2021,2731.78,2733.35,2644.6,2651.49,"5,835,135,054.76"
11/25/2021,2736.85,2746.55,2720.84,2731.78,"3,789,709,330.90"
11/24/2021,2737.09,2743.22,2694.06,2735.01,"4,217,415,336.52"
11/23/2021,2765.68,2765.68,2719.99,2733.14,"4,165,896,577.73"
11/22/2021,2758.99,2778.28,2758.64,2765.44,"3,929,261,627.44"
11/21/2021,2771.76,2780.04,2749.83,2757.53,"4,357,309,319.33"
11/18/2021,2806.13,2810.64,2760.2,2769.13,"6,271,867,229.84"
11/17/2021,2795.19,2825.98,2795.19,2801.52,"7,379,446,819.65"
11/16/2021,2720.59,2784.63,2716,2784.58,"5,521,650,856.75"
11/15/2021,2688.06,2728.91,2685.67,2715.35,"4,734,651,443.84"
11/14/2021,2694.05,2704.47,2667.34,2688.92,"4,096,219,525.40"
11/11/2021,2750.03,2750.28,2687.68,2690.29,"5,119,602,539.69"
11/9/2021,2831,2833.05,2730.21,2749.86,"6,527,729,547.47"
11/8/2021,2854.38,2863.8,2821.64,2829.65,"4,420,719,103.13"
11/3/2021,2858.74,2878.2,2837.59,2848.84,"6,553,059,152.26"
11/2/2021,2824.83,2845.89,2789.2,2843.62,"6,073,716,888.38"
11/1/2021,2852.32,2866.44,2804.31,2819.87,"7,777,510,777.74"
10/31/2021,2785.95,2838.09,2775.54,2837.62,"7,823,226,492.71"
10/28/2021,2768.88,2783.77,2746.23,2782.17,"5,395,268,627.81"
10/27/2021,2753.4,2806.71,2716.99,2769.13,"6,612,648,839.92"
10/26/2021,2678.86,2751.41,2678.01,2751.07,"6,318,340,931.64"
10/25/2021,2588.75,2672.25,2588.24,2672.25,"4,308,895,574.87"
10/24/2021,2557,2587.85,2545.5,2584.53,"2,773,420,134.90"
10/21/2021,2573.05,2585.79,2542.65,2556.96,"2,635,390,459.84"
10/20/2021,2522.2,2590.89,2522,2571.66,"2,679,028,155.23"
10/19/2021,2588.24,2588.37,2481.85,2510.73,"3,777,793,666.35"
10/18/2021,2656.04,2656.04,2582.26,2587.45,"2,966,899,790.82"
10/17/2021,2644.42,2670.34,2616.4,2656.97,"1,497,375,370.87"
10/11/2021,2667.59,2670.34,2616.4,2639.38,"3,639,468,092.85"
10/10/2021,2687.19,2720.36,2654.35,2662.58,"4,498,043,580.96"
10/6/2021,2614.74,2681.39,2614.52,2681.11,"4,500,658,141.61"
10/5/2021,2569.79,2620.32,2569.78,2612.65,"2,996,819,683.01"
10/4/2021,2577.36,2596.67,2542.09,2570.81,"3,627,799,935.40"
10/3/2021,2637.36,2640.84,2572.96,2577.5,"4,113,814,245.94"
9/30/2021,2667.45,2687.59,2629.95,2633.42,"3,700,029,507.49"
9/29/2021,2616.78,2666.19,2578.76,2665.94,"5,028,555,092.03"
9/28/2021,2683.6,2695.35,2602.19,2615.4,"5,745,488,178.57"
9/27/2021,2762.6,2769.79,2678.14,2685.42,"5,120,973,095.93"
9/26/2021,2836.36,2846.29,2756.33,2758.48,"6,500,117,780.43"
9/23/2021,2833.52,2883.13,2804.16,2819.66,"7,726,371,029.49"
9/22/2021,2719.91,2819.03,2719.89,2816.95,"6,179,300,157.62"
9/21/2021,2693.42,2766.45,2613.87,2712.07,"7,364,798,651.77"
9/20/2021,2817.98,2821.13,2696.81,2698.25,"8,493,401,009.27"
9/16/2021,2889.21,2889.21,2795.24,2812.39,"9,033,900,623.09"
9/15/2021,2933.23,2936.89,2881.53,2889.03,"5,358,097,250.54"
9/14/2021,2950.37,2964.54,2915.62,2929.29,"5,195,295,443.22"
9/13/2021,2962.81,2984.31,2939.79,2947.7,"9,290,554,155.32"
9/12/2021,2887.5,2947.5,2887.47,2947.42,"9,440,035,243.87"
9/9/2021,2880.55,2912.38,2865.96,2875.98,"7,050,770,070.49"
9/8/2021,2940.91,2940.91,2873.64,2876.59,"6,646,623,426.91"
9/7/2021,2999.62,3004.23,2912.99,2936.61,"7,495,812,161.43"
9/6/2021,2816.93,2981.27,2804.53,2980.79,"9,826,222,806.90"
9/5/2021,2928.8,2929.32,2779.03,2818.73,"11,240,391,044.63"
9/2/2021,2976.18,2994.35,2915.98,2926.74,"9,505,970,822.34"
9/1/2021,2977.29,3019.69,2961,2977.02,"9,351,799,654.65"
8/31/2021,3047.26,3047.59,2969.75,2975.84,"13,259,696,107.21"
8/29/2021,3105.75,3116.82,3038.78,3044.87,"15,483,687,944.50"
8/26/2021,3085.04,3108.06,3069.72,3094.05,"13,421,974,791.50"
8/25/2021,3126.02,3126.02,3068.04,3076.45,"12,092,103,503.50"
8/24/2021,3186.47,3188.57,3121.68,3125.01,"16,124,468,059.50"
8/19/2021,3208.5308,3227.11,3178.25,3180.86,"20,499,210,766.50"
8/18/2021,3172.3,3220.86,3153.42,3198.19,"21,313,489,269.00"
8/17/2021,3165.69,3177.14,3154.76,3160.32,"18,204,939,237.00"
8/16/2021,3165.09,3171.2,3136.47,3160.09,"15,930,897,937.50"
8/15/2021,3170.6536,3187.48,3104.86,3154.34,"21,647,600,654.50"
8/12/2021,3172.75,3189.66,3166.68,3178.91,"17,513,276,115.01"
8/11/2021,3172.54,3198.26,3158.17,3162.41,"15,455,941,753.79"
8/10/2021,3120.3,3164.61,3114.06,3161.56,"17,846,147,278.60"
8/9/2021,3113.95,3122.56,3098.6,3109.6,"14,137,338,880.86"
8/8/2021,3117.03,3121.43,3099.07,3108.13,"14,308,136,886.78"
8/5/2021,3130.54,3138.61,3101.79,3107.45,"14,316,249,964.69"
8/4/2021,3126.99,3140.38,3120.78,3123.15,"15,595,794,271.04"
8/3/2021,3094.24,3111.16,3091.92,3111.09,"11,529,217,774.66"
8/2/2021,3087.91,3101.3,3079.04,3085.07,"10,983,682,606.43"
8/1/2021,3088.45,3099.13,3075.54,3081.07,"12,103,871,861.91"
7/29/2021,3103.53,3107.91,3076.39,3079.82,"10,905,830,064.17"
7/28/2021,3088.45,3113.59,3075.93,3094.95,"13,291,954,535.44"
7/27/2021,3030.5073,3085.8054,2999.2,3076.3728,"349,011,988.50"
7/26/2021,3072.93,3076.13,3041.81,3050.43,"14,139,785,431.16"
7/25/2021,3017.56,3058.85,3017.51,3058.64,"14,232,417,472.15"
7/22/2021,2990.9,3018.76,2987.29,3004.33,"11,114,121,615.71"
7/19/2021,3003.47,3032.84,2981.92,2994.42,"11,813,754,606.60"
7/18/2021,2892.47,2980.61,2892.31,2980.61,"11,638,126,492.62"
7/15/2021,2885.4,2890.34,2876.85,2883.38,"8,143,614,302.19"
7/14/2021,2882.07,2883.25,2857.63,2872.05,"5,654,576,205.11"
7/13/2021,2867.16,2884.75,2846.78,2871.03,"5,546,356,224.10"
7/12/2021,2915.58,2930.41,2842.3,2854.84,"9,980,026,526.96"
7/11/2021,2845.43,2900.18,2845.15,2899.82,"8,061,382,496.39"
7/8/2021,2815.29,2832.73,2793.23,2825.11,"4,815,520,294.15"
7/7/2021,2815.49,2826.41,2793.9,2801.13,"4,585,861,976.21"
7/6/2021,2829.98,2835.31,2812.96,2818.11,"4,224,018,255.09"
7/5/2021,2845.5051,2847.4319,2814.3337,2822.74,"4,582,212,578.61"
7/4/2021,2852.24,2857.83,2831.95,2834.52,"5,053,538,256.95"
7/1/2021,2833.5571,2867.2519,2831.1066,2843,"6,707,775,484.14"
6/30/2021,2835.67,2844.19,2782.01,2823.88,"5,838,551,435.49"
6/29/2021,2880.34,2890.16,2823.21,2828,"6,726,361,869.27"
6/28/2021,2898.42,2901.99,2861.55,2871.6969,"7,725,594,965.50"
6/27/2021,2856.05,2883.02,2834.42,2870.18,"7,167,432,728.00"
6/24/2021,2871.66,2873.76,2833.06,2843,"7,033,603,739.50"
6/23/2021,2939.05,2940.03,2856.84,2859.96,"8,362,671,680.50"
6/22/2021,2844.7,2914.43,2824.04,2913.84,"10,286,269,957.00"
6/21/2021,2924.07,2924.48,2828.62,2834.41,"11,619,035,673.50"
6/20/2021,2975.25,2980.27,2880.57,2905.32,"11,819,428,288.50"
6/17/2021,2982.97,2990.01,2944.89,2968.42,"10,904,958,935.00"
6/16/2021,2989.55,3031.73,2943.3,2969.72,"15,484,479,318.50"
6/15/2021,3061.81,3064.07,3012.95,3022.11,"16,528,749,738.50"
6/14/2021,3009.46,3051.02,3009.15,3025.83,"18,884,031,518.50"
6/13/2021,2965.77,2984.24,2957.13,2983.11,"19,550,166,636.00"
6/10/2021,2968.09,2971.89,2925.74,2944.78,"16,100,412,435.50"
6/9/2021,2995.08,3005.9,2933.62,2946.58,"16,997,092,703.41"
6/8/2021,2931.18,2960.29,2925.49,2960.14,"16,951,320,640.00"
6/7/2021,2928.09,2933.54,2892.23,2906.7,"15,818,659,062.50"
6/6/2021,2884.07,2920.21,2880.47,2906.91,"17,271,787,524.50"
6/3/2021,2833.84,2876.11,2833.63,2856.77,"16,907,020,286.00"
6/2/2021,2793.22,2827.29,2770.83,2827.13,"11,351,815,356.00"
6/1/2021,2790.72,2799.85,2751.65,2771.15,"8,598,160,117.00"
5/31/2021,2842.28,2851.18,2781,2782.86,"13,604,619,431.20"
5/30/2021,2836.11,2854.8,2814.72,2827.93,"17,028,432,244.91"
5/27/2021,2784.59,2836.06,2760.86,2815.4,"14,768,808,492.24"
5/25/2021,2828.07,2836.24,2803.72,2816.6,"11,133,398,107.56"
5/24/2021,2840.21,2850.73,2807.33,2823.05,"13,175,353,187.83"
5/23/2021,2768.87,2820.6,2737.43,2820,"11,695,034,728.26"
5/20/2021,2807.53,2807.53,2775.89,2787.19,"9,305,222,003.60"
5/19/2021,2816.26,2822.23,2769.2,2780.81,"11,958,097,410.72"
5/18/2021,2784.6,2794.96,2766.71,2793.81,"11,359,360,091.96"
5/17/2021,2748.83,2771.22,2747.82,2759.22,"9,576,361,139.17"
5/16/2021,2693.91,2738.59,2693.91,2738.3,"10,403,879,000.34"
5/13/2021,2701.92,2702.74,2679.03,2684.01,"7,126,885,280.36"
5/12/2021,2685.41,2688.75,2664.04,2673.88,"5,326,052,801.48"
5/11/2021,2647.48,2680.91,2645.77,2673.32,"5,810,673,070.66"
5/10/2021,2613.18,2647.07,2607.78,2645.85,"4,203,832,788.74"
5/9/2021,2652.58,2652.6,2613.32,2618.63,"6,148,966,772.34"
5/6/2021,2657.2,2659.09,2626.08,2637.13,"6,810,091,452.53"
5/5/2021,2675.95,2676.57,2648.52,2649.6,"6,216,814,313.04"
5/4/2021,2652.27,2663.64,2640.54,2654.03,"5,894,773,562.00"
5/3/2021,2676.46,2694,2645.71,2652.58,"7,529,290,146.00"
5/2/2021,2627.82,2665.11,2610.81,2665.11,"7,360,800,500.33"
4/29/2021,2601.21,2612.29,2582.35,2611.11,"4,357,019,248.68"
4/28/2021,2606.56,2622.66,2563.95,2585.28,"3,990,431,235.93"
4/27/2021,2506.52,2599.37,2504.23,2599.08,"5,109,096,957.06"
4/26/2021,2571.5,2579.41,2500.74,2506.62,"6,590,928,202.41"
4/25/2021,2664.7,2665.56,2563.78,2572.21,"7,284,194,901.09"
4/22/2021,2647.11,2651.53,2609.02,2648.01,"5,915,139,887.96"
4/21/2021,2674.82,2675.41,2624.7,2632.21,"5,772,251,202.75"
4/20/2021,2673.24,2684.77,2645.56,2664.62,"5,538,617,640.49"
4/19/2021,2716.24,2716.87,2656.58,2661.94,"6,766,801,223.82"
4/18/2021,2759.9,2760.02,2696.3,2699.51,"8,801,803,214.97"
4/15/2021,2735.4,2755.3,2731.82,2735.4,"8,636,668,659.43"
4/13/2021,2698.07,2715.53,2688.18,2714.79,"7,143,151,000.27"
4/12/2021,2674.5,2694.38,2671.74,2691.56,"7,610,828,049.72"
4/8/2021,2690.28,2690.28,2672.24,2674.36,"6,556,616,679.95"
4/7/2021,2694.54,2694.98,2667.91,2671.62,"7,266,972,569.76"
4/6/2021,2678.96,2678.96,2641.8,2674.47,"7,477,795,737.92"
4/5/2021,2679.39,2682.27,2639.67,2658.75,"7,296,760,155.82"
4/4/2021,2658.31,2658.73,2646.05,2657.61,"9,006,858,557.96"
4/1/2021,2645.5,2645.5,2615.26,2631.9,"7,250,924,123.60"
3/31/2021,2596.66,2619.15,2592.8,2619.03,"6,166,900,815.53"
3/30/2021,2545.54,2576.33,2544.96,2575.67,"6,185,679,497.56"
3/29/2021,2558.23,2562.6,2537.67,2543.52,"4,410,345,029.57"
3/25/2021,2584.79,2595.88,2543.56,2548.97,"6,500,806,040.03"
3/24/2021,2549.55,2570.67,2546.05,2570.31,"6,674,423,940.60"
3/23/2021,2524.43,2531.46,2495.97,2528.96,"5,141,897,169.20"
3/22/2021,2562.37,2568.36,2509.21,2514.4,"5,351,337,289.75"
3/21/2021,2494.48,2538.47,2492.27,2538.47,"5,919,824,569.16"
3/18/2021,2448.72,2476.61,2441.17,2475.09,"4,661,792,186.86"
3/17/2021,2399.21,2432.4,2390.05,2432.15,"3,374,552,177.73"
3/16/2021,2400.05,2417.47,2369.52,2391.75,"3,375,699,339.03"
3/15/2021,2418.51,2432.95,2379.78,2389.19,"4,248,424,066.10"
3/14/2021,2466.27,2469.43,2397.3,2407.26,"4,952,722,195.34"
3/10/2021,2476.93,2479.63,2446.09,2458.49,"4,100,406,336.64"
3/9/2021,2494.05,2494.41,2453.38,2461.88,"4,752,708,147.00"
3/7/2021,2519.97,2527.09,2473.08,2485.1,"5,005,466,480.04"
3/4/2021,2425.2,2507.09,2422.5,2506.68,"6,058,104,316.76"
3/3/2021,2449.23,2453.67,2391.14,2416.01,"6,254,809,441.78"
3/2/2021,2523.45,2529.64,2437.25,2455.33,"6,119,638,669.00"
3/1/2021,2488.33,2524.4,2442.6,2515.03,"5,692,316,831.00"
2/28/2021,2557.79,2559.43,2474.39,2474.39,"8,355,289,814.00"
2/25/2021,2622.7,2622.77,2547.84,2554.13,"6,098,188,414.00"
2/24/2021,2600.32,2620.45,2498.58,2599.07,"6,701,872,439.00"
2/23/2021,2627.33,2627.33,2519.41,2586.51,"8,561,539,426.00"
2/22/2021,2665.86,2676.16,2603.05,2607.67,"8,406,310,671.00"
2/21/2021,2667.27,2667.59,2619.58,2640.34,"8,834,603,967.00"
2/18/2021,2634.47,2642.47,2619.17,2636.68,"8,762,146,785.00"
2/17/2021,2619.8,2623.64,2596.19,2611.45,"8,035,510,844.00"
2/16/2021,2615.36,2631.37,2584.14,2601.51,"10,035,454,955.00"
2/15/2021,2517.46,2586.01,2538.22,2586.01,"10,384,197,669.00"
2/14/2021,2536.47,2536.47,2482.24,2493.59,"6,927,668,931.00"
2/11/2021,2552.33,2565.13,2524.81,2526.92,"8,411,732,003.00"
2/10/2021,2544.8,2547.76,2511.03,2543.03,"7,649,411,398.00"
2/9/2021,2562.43,2585.15,2524.44,2532.46,"8,146,269,193.00"
2/8/2021,2553.78,2563.29,2538.83,2561.47,"10,619,163,869.00"
2/7/2021,2486.79,2524,2486.79,2524,"10,441,951,304.00"
2/4/2021,2479.6,2481.59,2443.68,2475.26,"7,615,071,093.00"
2/3/2021,2490.53,2519.85,2457.99,2466.92,"9,531,716,496.00"
2/2/2021,2434.48,2473.73,2429.9,2473.73,"8,593,472,987.00"
2/1/2021,2372.04,2413.18,2372.04,2408.24,"6,972,936,529.00"
1/31/2021,2425.53,2425.53,2366.46,2370.54,"8,973,206,450.00"
1/28/2021,2460.83,2460.83,2420.64,2425.29,"9,898,456,128.00"
1/27/2021,2433.74,2449.42,2416.62,2441.85,"8,006,238,770.00"
1/26/2021,2461.42,2462.28,2419.89,2423.09,"8,279,701,077.00"
1/25/2021,2447.01,2456.22,2408.87,2440.87,"8,903,538,731.00"
1/24/2021,2396.74,2429.11,2396.74,2424.84,"9,376,053,220.00"
1/21/2021,2372.86,2376.13,2354.7,2374.64,"7,798,528,433.00"
1/20/2021,2361.52,2362.99,2322.72,2342.76,"6,210,966,026.00"
1/19/2021,2361.99,2362.86,2304.98,2326.9,"7,467,439,848.00"
1/18/2021,2333.87,2340.57,2319.58,2332.31,"6,314,664,167.00"
1/17/2021,2299.33,2316.8,2297.5,2315,"6,374,267,782.00"
1/13/2021,2279.04,2296.17,2277.26,2286.54,"5,914,389,261.00"
1/12/2021,2243.16,2267.73,2233.61,2267.73,"4,982,391,897.00"
1/11/2021,2264.27,2266.44,2229.13,2239.42,"5,524,832,993.00"
1/10/2021,2201.38,2238.24,2201.38,2235.72,"6,326,646,806.00"
1/7/2021,2181.27,2204.97,2179.09,2194.48,"5,874,708,279.00"
1/6/2021,2170.82,2185.2,2170.31,2178.57,"4,425,472,339.00"
1/5/2021,2167.82,2182.39,2149.74,2165.49,"4,566,381,178.00"
1/4/2021,2207.05,2216.44,2154,2169.04,"5,961,733,122.00"
1/3/2021,2104.85,2175.39,2104.85,2175.39,"6,344,017,889.00"
12/31/2020,2079.37,2112.59,2073.8,2087.27,"5,703,469,837.00"
12/30/2020,2023.59,2062.06,2023.4,2062.06,"4,446,222,579.00"
12/29/2020,2016.26,2031.47,2009.38,2012.89,"4,092,227,802.00"
12/28/2020,1998.81,2013.51,1981.5,2007.29,"3,850,320,045.00"
12/27/2020,2047.12,2047.19,1994.8,1998.65,"4,623,452,312.00"
12/24/2020,2091.59,2091.59,2025.65,2038.63,"5,369,046,322.00"
12/23/2020,2094.27,2127.22,2063.13,2068.45,"6,862,445,215.00"
12/22/2020,1987.47,2061.41,1987.47,2061.41,"6,740,744,432.00"
12/21/2020,1919.05,1977.42,1874.07,1965.96,"6,698,874,354.00"
12/20/2020,2046.57,2046.57,1935.4,1935.63,"8,612,857,317.00"
12/17/2020,2058.72,2059.8,2025.19,2032.51,"6,769,890,815.00"
12/16/2020,2097.2,2097.2,2041.85,2055.22,"5,144,675,578.00"
12/15/2020,2085.56,2100.96,2050.9,2061.41,"6,069,331,687.00"
12/14/2020,2022.72,2069.06,2022.72,2067.17,"7,204,136,923.00"
12/13/2020,1973.75,2010.45,1967.44,2010.45,"4,899,484,131.00"
12/10/2020,1954.6,1974.12,1938.92,1964.02,"4,146,321,050.00"
12/9/2020,2006.4,2009.81,1948.98,1955.75,"4,745,649,292.00"
12/8/2020,2033.97,2047.35,1982.07,1995.35,"5,719,436,384.00"
12/7/2020,1929.46,2004.39,1914.42,2004.39,"6,667,956,831.00"
12/6/2020,2051.51,2051.51,1932.11,1932.11,"7,209,180,213.00"
12/3/2020,2090.79,2118.41,2040.99,2055.45,"8,026,023,798.00"
12/2/2020,2016.82,2077.7,2016.82,2071.02,"7,463,482,972.00"
12/1/2020,2009.46,2022.25,1966.18,2000.4,"7,404,154,007.00"
11/30/2020,2000,2028.45,1971.24,1997.05,"8,867,714,682.00"
11/29/2020,1912.11,1971.42,1912.11,1968.27,"9,227,348,348.00"
11/26/2020,1894.78,1926.91,1879,1893.24,"7,613,030,091.00"
11/25/2020,1820.87,1874.81,1820.87,1874.81,"5,131,886,488.00"
11/24/2020,1790.19,1813.86,1786.71,1810.11,"5,442,950,189.00"
11/23/2020,1789.35,1792.41,1772.11,1780.43,"4,762,704,611.00"
11/22/2020,1791.21,1811.63,1761.75,1782.81,"6,878,787,665.00"
11/19/2020,1750.42,1779.21,1750.42,1778.12,"6,116,730,071.00"
11/18/2020,1714.86,1741.81,1708.87,1741.81,"4,791,041,649.00"
11/12/2020,1713.71,1722.32,1702.7,1718.49,"4,256,475,891.00"
11/11/2020,1681.82,1707.67,1681.82,1707.67,"4,099,604,742.00"
11/10/2020,1660.37,1678.79,1659.18,1678.79,"4,096,190,256.00"
11/9/2020,1648.75,1661.32,1648.75,1652.8,"3,699,879,726.00"
11/8/2020,1643.29,1648.58,1637.8,1648.58,"3,526,777,261.00"
11/5/2020,1644.94,1645.08,1634.38,1636.17,"2,842,469,177.00"
11/4/2020,1645.53,1645.7,1638.69,1640.64,"1,757,423,745.00"
11/3/2020,1636.2,1644.61,1635.15,1643.03,"2,237,964,572.00"
11/2/2020,1644.01,1646.9,1635.64,1637.63,"2,453,954,688.00"
11/1/2020,1654.15,1654.15,1634.63,1640.95,"2,930,939,007.00"
10/29/2020,1661.64,1663.41,1640.48,1645.67,"3,037,694,845.00"
10/28/2020,1612.5,1647.45,1612.37,1647.45,"2,725,994,069.00"
10/22/2020,1609.11,1609.52,1596.22,1606.25,"1,994,543,919.00"
10/21/2020,1591.04,1597.71,1588.78,1597.71,"1,633,246,148.00"
10/20/2020,1576.62,1583.6,1573.06,1583.6,"1,271,829,990.00"
10/19/2020,1556.85,1570.38,1555.46,1570.38,"954,656,107.00"
10/18/2020,1565.9,1567.89,1554.14,1556.8,"1,252,748,181.00"
10/15/2020,1564.69,1579.55,1560.69,1562.46,"1,425,890,738.00"
10/14/2020,1572.35,1573.08,1560.45,1561.17,"1,496,387,992.00"
10/13/2020,1583.29,1584.28,1567.23,1568.59,"1,819,638,977.00"
10/12/2020,1580.14,1580.8,1566.7,1578.01,"1,949,060,194.00"
10/11/2020,1594.01,1594.36,1574.62,1576.27,"2,395,432,599.00"
10/8/2020,1607.52,1614.04,1586.96,1589.63,"2,862,712,521.00"
10/7/2020,1593.04,1602.14,1587.59,1600.97,"3,358,506,296.00"
10/6/2020,1588.01,1588.01,1581.75,1586.29,"2,510,585,332.00"
10/5/2020,1587.31,1594.89,1580.65,1582.12,"2,578,607,088.00"
10/4/2020,1577.77,1588.05,1577.77,1585.75,"3,178,853,719.00"
10/1/2020,1553.95,1572.94,1553.95,1571.04,"2,807,708,137.00"
9/30/2020,1561.58,1563.4,1542.57,1550.43,"1,953,636,694.00"
9/29/2020,1564.92,1564.92,1552.77,1553.62,"1,829,872,968.00"
9/28/2020,1566.44,1569.31,1557.42,1560.83,"1,690,154,525.00"
9/27/2020,1569.06,1575.43,1562.11,1565.55,"3,138,243,371.00"
9/24/2020,1565.31,1565.31,1554.38,1561.27,"2,233,489,024.00"
9/23/2020,1543.37,1555.52,1535.03,1555.52,"1,727,821,707.00"
9/22/2020,1576.55,1577.19,1541.75,1546.15,"2,810,425,268.00"
9/21/2020,1587.82,1587.99,1561.49,1569.06,"2,637,376,216.00"
9/20/2020,1595.47,1605.12,1574.08,1575.18,"2,742,795,692.00"
9/17/2020,1555.86,1577.99,1547.13,1572.18,"3,315,664,319.00"
9/16/2020,1537.35,1543.98,1530.67,1541.4,"1,845,634,030.00"
9/15/2020,1544.71,1548.35,1531.05,1536.03,"1,800,197,903.00"
9/14/2020,1545.68,1553.56,1538.43,1540.51,"3,134,135,908.00"
9/13/2020,1528.15,1537.25,1522.28,1537.25,"3,386,859,972.00"
9/10/2020,1514.13,1532.48,1512.53,1520.69,"2,170,068,283.00"
9/9/2020,1501.86,1511.93,1495.11,1508.2,"2,563,415,186.00"
9/8/2020,1491.33,1500.15,1477.25,1495.15,"1,798,363,063.00"
9/7/2020,1503.37,1503.37,1483.65,1487.81,"2,164,930,214.00"
9/6/2020,1538.42,1538.42,1494.97,1499.97,"2,782,377,887.00"
9/3/2020,1524.19,1524.67,1497.47,1510.42,"2,634,886,231.00"
9/2/2020,1509.4,1519.78,1499.72,1510.57,"4,181,036,115.00"
8/31/2020,1466.57,1489.01,1466.57,1484.99,"3,462,586,125.00"
8/30/2020,1459.16,1462.67,1444.92,1462.67,"1,614,554,300.00"
8/27/2020,1467.07,1472.73,1454.96,1458.04,"1,981,761,050.00"
8/26/2020,1445.47,1468.03,1445.47,1462.03,"2,656,163,730.00"
8/25/2020,1435.21,1440.94,1428.74,1440.94,"1,855,180,510.00"
8/24/2020,1413.09,1431.6,1413.09,1431.6,"2,139,202,075.00"
8/23/2020,1399.48,1410.34,1394.09,1410.34,"1,108,053,597.00"
8/20/2020,1392.89,1403.75,1392.89,1397.57,"393,129,068.00"
8/19/2020,1409.44,1409.44,1388.17,1391.29,"976,235,059.00"
8/18/2020,1403.98,1414.29,1400.81,1407.89,"1,239,017,426.00"
8/17/2020,1391.79,1402.21,1385.7,1402.21,"1,074,932,597.00"
8/16/2020,1407.85,1407.85,1381.89,1391.46,"1,259,320,850.00"
8/13/2020,1431.89,1431.89,1407.43,1408.79,"1,048,911,791.00"
8/12/2020,1426.55,1427.15,1413.55,1425.32,"951,960,208.00"
8/11/2020,1433.35,1441.31,1421.17,1423.81,"1,271,738,914.00"
8/10/2020,1394.78,1430.41,1394.34,1430.41,"1,555,518,923.00"
8/9/2020,1383.98,1392.68,1363.22,1392.68,"977,895,525.00"
8/6/2020,1387.44,1388.68,1365.66,1381.37,"920,997,056.00"
8/5/2020,1403.88,1403.88,1374.13,1382.66,"1,189,526,408.00"
8/3/2020,1395.08,1411.13,1384.86,1403.86,"1,290,252,213.00"
8/2/2020,1441.26,1441.26,1396.02,1396.28,"1,841,242,332.00"
7/30/2020,1433.14,1444.06,1421.07,1439.06,"1,320,266,678.00"
7/29/2020,1452.07,1452.07,1431.46,1431.52,"1,687,093,091.00"
7/28/2020,1463.81,1466.04,1449.86,1454.89,"1,259,751,557.00"
7/27/2020,1467.89,1475.2,1456.47,1462.48,"1,793,915,286.00"
7/26/2020,1445.6,1464.88,1444.77,1465.1,"1,942,679,380.00"
7/23/2020,1434.08,1440.32,1417.32,1442.61,"1,327,135,218.00"
7/22/2020,1452.78,1461.29,1429.65,1432.44,"1,532,511,716.00"
7/21/2020,1472.19,1479.3,1444.5,1449.94,"1,872,220,447.00"
7/20/2020,1539.37,1556.19,1460.15,1464.94,"2,802,233,715.00"
7/19/2020,1408.51,1479.03,1408.51,1479.03,"62,566,293.00"
7/16/2020,1364.24,1395.82,1362.62,1394.77,"1,041,770,867.00"
7/15/2020,1347.88,1367.82,1347.88,1362.34,"1,160,491,522.00"
7/14/2020,1344.42,1349.24,1340.66,1347.44,"994,545,109.00"
7/13/2020,1342.59,1352.69,1334.17,1342.4,"1,088,716,118.00"
7/12/2020,1331.31,1351.82,1331.31,1340.29,"1,111,090,272.00"
7/9/2020,1327.13,1333.25,1312.01,1331.27,"908,086,197.00"
7/8/2020,1338.54,1343.59,1319.1,1326.53,"1,078,462,141.00"
7/7/2020,1299.72,1345.96,1299.72,1336.66,"1,199,041,859.00"
7/6/2020,1266.08,1298.73,1259.94,1298.73,"927,841,329.00"
7/5/2020,1256.18,1280.93,1246.8,1265.45,"1,033,390,231.00"
7/2/2020,1351.89,1362.35,1256.11,1256.11,"476,654,971.00"
7/1/2020,1261.54,1336.52,1261.54,1336.52,"407,352,247.00"
6/30/2020,1187.25,1260.75,1185.72,1260.75,"227,212,194.00"
6/29/2020,1197.09,1200.64,1149.73,1188.7,"347,771,833.00"
5/13/2020,1225.68,1225.68,1201.57,1201.57,"3,613,523.00"
5/12/2020,1250.95,1250.95,1226.15,1226.15,"104,372,646.00"
3/22/2020,1269.08,1275.42,1246.2,1251.45,"194,642,984.00"
3/19/2020,1249.26,1278.93,1223.04,1269.3,"1,903,142,008.00"
3/18/2020,1272.1,1286.46,1234.16,1255.8,"1,184,416,878.00"
3/17/2020,1316.74,1321.26,1266.44,1272.06,"1,465,184,656.00"
3/16/2020,1312.69,1334.12,1291.67,1316.39,"1,615,341,877.00"
3/15/2020,1362.25,1362.25,1310.71,1313.04,"2,101,417,292.00"
3/12/2020,1424.6,1430.77,1371.56,1377.18,"2,206,662,182.00"
3/11/2020,1349.86,1423.09,1349.86,1423.09,"2,221,081,690.00"
3/10/2020,1435.86,1436.66,1349.31,1349.31,"1,076,696,300.00"
3/5/2020,1442.92,1464.62,1408.82,1435.7,"2,457,093,463.00"
3/4/2020,1511.41,1513.43,1439.38,1441.2,"2,908,472,603.00"
3/3/2020,1491.23,1540.59,1439.53,1509.67,"3,851,622,996.00"
3/2/2020,1593.08,1593.5,1495.3,1495.3,"2,154,428,215.00"
3/1/2020,1639.87,1667.74,1591.36,1591.36,"4,847,437,505.00"
2/27/2020,1598.81,1635.51,1558.65,1632.17,"4,460,536,251.00"
2/26/2020,1548.32,1596.13,1548.32,1596.13,"4,154,883,092.00"
2/25/2020,1504.8,1544.07,1480.24,1545.19,"2,992,160,524.00"
2/24/2020,1507.98,1536.83,1499.04,1502.18,"3,410,516,278.00"
2/23/2020,1435.87,1509.92,1435.87,1504.14,"3,608,526,354.00"
2/20/2020,1405.51,1434.57,1405.51,1434.57,"2,785,004,908.00"
2/19/2020,1399.29,1406.25,1389.12,1405.25,"1,628,841,389.00"
2/18/2020,1399.47,1416.87,1387.68,1400.01,"2,125,977,034.00"
2/17/2020,1364.34,1403.21,1364.34,1398.24,"2,687,533,442.00"
2/16/2020,1344.73,1363.97,1344.73,1363.97,"1,978,108,701.00"
2/13/2020,1346.45,1354.88,1342.9,1344.59,"1,773,805,746.00"
2/12/2020,1341.07,1353.29,1340.87,1345.97,"1,509,784,311.00"
2/11/2020,1324.31,1342.91,1323.69,1341.38,"1,532,250,440.00"
2/10/2020,1320.77,1329.84,1315.37,1324.26,"932,086,055.00"
2/9/2020,1332.91,1333.85,1316.1,1319.99,"950,402,584.00"
2/6/2020,1341.03,1346.6,1331.02,1333.69,"1,049,345,436.00"
2/5/2020,1338.5,1342.62,1335.72,1342.36,"1,082,483,909.00"
2/4/2020,1351.01,1353.27,1334.09,1337.04,"1,570,166,163.00"
2/3/2020,1348.12,1355.27,1339.6,1349.13,"1,611,719,203.00"
2/2/2020,1325.62,1349.68,1331.87,1346.64,"2,077,987,799.00"
1/30/2020,1306.29,1331.83,1306.29,1325.38,"1,966,219,749.00"
1/29/2020,1306.16,1311.74,1302.14,1305.88,"1,293,711,383.00"
1/28/2020,1300.65,1316.44,1300.65,1306.15,"1,400,467,805.00"
1/27/2020,1276.68,1300.62,1274.03,1300.62,"917,359,865.00"
1/26/2020,1298.67,1299.46,1275.52,1276.68,"965,018,662.00"
1/23/2020,1314.16,1320.76,1295.8,1297.47,"1,384,209,412.00"
1/22/2020,1324.32,1325.69,1310.64,1313.42,"1,581,381,364.00"
1/21/2020,1318.65,1331.28,1309.14,1320.47,"1,519,976,760.00"
1/20/2020,1342.7,1359.32,1308.62,1317.11,"1,953,780,000.00"
1/19/2020,1310.26,1349.1,1310.26,1343.65,"2,090,877,917.00"
1/16/2020,1284.28,1313.19,1284.28,1310.23,"1,682,330,000.00"
1/15/2020,1263.32,1287.2,1263.32,1284.23,"893,677,000.00"
1/14/2020,1271.11,1274.86,1254.3,1263.38,"1,026,443,666.00"
1/13/2020,1260.01,1285.5,1259.34,1270.86,"1,665,520,000.00"
1/12/2020,1213.19,1255.72,1213.19,1255.72,"1,335,747,967.00"
1/9/2020,1209.87,1216.23,1206.49,1213.11,"837,035,757.00"
1/8/2020,1217.82,1223.66,1207.26,1209.6,"732,169,261.00"
1/7/2020,1200.65,1218.14,1200.65,1216.92,"1,102,736,748.00"
1/6/2020,1183.35,1200.69,1183.35,1200.69,"842,582,150.00"
1/5/2020,1166.49,1187.33,1163.39,1182.31,"712,425,827.00"
1/2/2020,1168.63,1169.27,1165.24,1166.21,"532,211,211.00"
1/1/2020,1166.52,1169.5,1163.99,1169.5,"372,988,301.00"
12/31/2019,1168.61,1171.48,1163.02,1166.03,"442,256,156.00"
12/30/2019,1161.82,1167.95,1159.25,1167.95,"622,363,488.00"
12/29/2019,1166.86,1167.24,1159.23,1162.43,"422,453,909.00"
12/26/2019,1167.74,1170.45,1165.94,1167.41,"588,677,887.00"
12/25/2019,1166.56,1173.14,1165.77,1168.03,"538,340,829.00"
12/24/2019,1169.32,1176.7,1164.85,1166.21,"721,642,965.00"
12/23/2019,1150.92,1168.79,1150.92,1168.58,"595,764,544.00"
12/22/2019,1149.62,1151.3,1147.67,1150.81,"374,466,465.00"
12/19/2019,1152.06,1154.28,1148.35,1149.64,"419,088,133.00"
12/18/2019,1155.32,1158.15,1150.14,1152.07,"294,709,858.00"
12/17/2019,1154.86,1158.36,1150.66,1155.37,"279,244,135.00"
12/16/2019,1167.82,1170.56,1153.23,1154.11,"407,900,555.00"
12/15/2019,1172.44,1181.7,1167.86,1167.86,"686,076,111.00"
12/12/2019,1162.25,1175.3,1159.91,1172.64,"675,173,000.00"
12/11/2019,1155.05,1166.15,1153.14,1161.47,"551,377,852.00"
12/10/2019,1149.09,1158.11,1147.43,1151.36,"500,328,915.00"
12/9/2019,1135.36,1155.06,1132.88,1148.89,"464,220,392.00"
12/8/2019,1131.92,1135.37,1125.81,1135.37,"287,527,825.00"
12/5/2019,1124.47,1134.93,1124.44,1131.92,"358,839,860.00"
12/4/2019,1116.12,1128,1116.12,1124.47,"308,214,465.00"
12/3/2019,1112.06,1117.82,1111.19,1115.74,"266,801,558.00"
12/2/2019,1112.87,1113.73,1110.98,1111.99,"232,259,331.00"
12/1/2019,1112.79,1114.31,1109.97,1112.85,"206,314,323.00"
11/28/2019,1117.64,1119.63,1112.79,1112.79,"243,391,320.00"
11/27/2019,1109.09,1117.46,1108.02,1117.46,"212,363,736.00"
11/26/2019,1110.08,1111.76,1107.57,1109.16,"295,869,180.00"
11/25/2019,1110.11,1112.15,1102.46,1110.08,"288,858,484.00"
11/24/2019,1120.62,1121.94,1108.76,1110.08,"280,534,415.00"
11/21/2019,1128.34,1128.69,1118.1,1120.6,"297,797,071.00"
11/20/2019,1130.01,1139.74,1127.63,1128.34,"303,724,204.00"
11/19/2019,1131.13,1132.4,1127.91,1129.99,"259,330,595.00"
11/18/2019,1131.4,1133.43,1128,1131.12,"356,861,857.00"
11/17/2019,1135.73,1137.25,1129.15,1131.36,"355,159,768.00"
11/14/2019,1135.15,1139.41,1133.67,1135.95,"228,357,493.00"
11/13/2019,1140.65,1140.65,1133.49,1135.16,"275,427,886.00"
11/12/2019,1146.14,1147.06,1138.57,1139.96,"379,849,435.00"
11/11/2019,1132.7,1147.74,1132.7,1145.57,"549,998,241.00"
11/10/2019,1132.47,1135.9,1129.89,1131.8,"293,149,044.00"
11/7/2019,1138.27,1139.36,1131.33,1131.97,"374,150,571.00"
11/6/2019,1139.49,1141.08,1136.74,1138.02,"206,253,847.00"
11/5/2019,1140.21,1141.86,1138.66,1139.45,"284,472,501.00"
11/4/2019,1139.57,1141.13,1135.96,1140.26,"191,854,333.00"
11/3/2019,1145.83,1146.88,1136.39,1139.29,"175,544,472.00"
10/31/2019,1149.74,1151.48,1143.07,1146.17,"254,312,462.00"
10/24/2019,1142.41,1150.47,1141.39,1149.34,"327,632,258.00"
10/23/2019,1135.4,1142.82,1135.4,1142.6,"163,757,847.00"
10/22/2019,1132.45,1134.81,1130.21,1134.79,"165,296,005.00"
10/21/2019,1133.73,1135.84,1130.14,1132.4,"164,349,536.00"
10/20/2019,1137.69,1138.99,1132.58,1133.71,"113,359,956.00"
10/17/2019,1137.03,1140.38,1135.87,1137.75,"182,994,905.00"
10/16/2019,1142.39,1142.71,1136,1137.03,"196,618,963.00"
10/15/2019,1138.38,1142.04,1135.86,1142.04,"222,452,078.00"
10/14/2019,1149.01,1151.52,1135.04,1136.96,"218,635,691.00"
10/10/2019,1149.03,1151.81,1148.13,1149.01,"63,845,411.00"
10/3/2019,1142.44,1149.4,1138.58,1149.4,"176,633,514.00"
10/2/2019,1145.69,1149.7,1140.07,1140.71,"203,287,237.00"
10/1/2019,1135.05,1146.11,1134.82,1145.69,"311,488,652.00"
9/30/2019,1125.49,1135.56,1121.09,1135.56,"168,828,923.00"
9/29/2019,1129.81,1131.87,1123.66,1125.14,"241,498,554.00"
9/26/2019,1131.52,1133.8,1128.61,1129.8,"212,541,352.00"
9/25/2019,1134.56,1135.26,1130.88,1131.53,"166,921,799.00"
9/24/2019,1140.99,1141.62,1132.72,1134.56,"218,278,449.00"
9/23/2019,1139.92,1147.85,1137.87,1140.98,"177,279,039.00"
9/22/2019,1155.3,1157.79,1135.18,1139.25,"226,950,238.00"
9/19/2019,1173.44,1178.28,1155.3,1155.3,"399,930,871.00"
9/18/2019,1150.65,1173.14,1150.65,1172.15,"455,311,885.00"
9/17/2019,1127.26,1152.51,1127.26,1150.74,"383,957,426.00"
9/16/2019,1140.49,1140.55,1122.02,1123.83,"343,918,221.00"
9/15/2019,1157.68,1160.55,1140.01,1140.01,"288,099,912.00"
9/12/2019,1163.71,1164.09,1156.37,1157.88,"376,184,491.00"
9/11/2019,1166.68,1168.06,1161.95,1163.21,"341,745,136.00"
9/10/2019,1168.91,1172.82,1161.2,1166.67,"237,959,653.00"
9/9/2019,1178.47,1180.28,1166.09,1168.91,"299,200,764.00"
9/8/2019,1192.07,1192.33,1176.41,1178.46,"305,310,719.00"
9/5/2019,1195.89,1196.92,1189.05,1191.07,"290,177,357.00"
9/4/2019,1192.21,1198.48,1183.4,1194.77,"436,444,688.00"
9/3/2019,1170.87,1190.9,1156.72,1190.9,"510,552,041.00"
9/2/2019,1184.93,1190.88,1167.81,1170.34,"407,569,712.00"
9/1/2019,1196.6,1198.51,1184.06,1184.78,"297,398,003.00"
8/29/2019,1198.49,1201.23,1194.09,1196.41,"277,359,659.00"
8/28/2019,1209.7,1213.46,1197.32,1197.75,"371,022,592.00"
8/27/2019,1203.42,1212.3,1203.4,1208,"244,668,209.00"
8/26/2019,1209.7,1210.24,1199.31,1203.13,"380,596,571.00"
8/25/2019,1212.76,1213.23,1201.71,1209.62,"350,269,509.00"
8/22/2019,1214.37,1220.9,1212.43,1213.06,"261,670,203.00"
8/21/2019,1213.96,1216.3,1209.77,1214.05,"292,641,728.00"
8/20/2019,1222.04,1222.87,1212.1,1213.63,"272,509,024.00"
8/19/2019,1214.96,1229.5,1210.8,1222.06,"389,625,280.00"
8/18/2019,1224.03,1226.07,1214.33,1214.83,"329,527,904.00"
8/15/2019,1225.11,1226.06,1221.8,1224.03,"424,323,136.00"
8/14/2019,1230.97,1231.49,1224.43,1225.9,"257,285,008.00"
8/13/2019,1234.59,1236.47,1229.06,1231.07,"481,629,760.00"
8/12/2019,1234.68,1236.82,1232.11,1233.85,"314,228,928.00"
8/11/2019,1236.62,1237.97,1229.69,1233.71,"311,756,864.00"
8/8/2019,1248.91,1248.91,1237.7,1238.56,"454,629,568.00"
8/7/2019,1245.2,1249.98,1239.55,1248.48,"368,645,664.00"
8/6/2019,1255.74,1255.74,1243.74,1245.73,"450,755,168.00"
8/5/2019,1260.3,1261.63,1253.5,1255.09,"443,205,472.00"
8/4/2019,1263.87,1266.37,1258.27,1259.64,"474,151,744.00"
